layer,metric,mean,std,n,source_file
0,cosine_dist,0.1758566446260301,0.1812555130738579,1002,checkpoint_token_level_layer_20.csv
0,l1_dist,154.00815232785163,255.98436156357369,1002,checkpoint_token_level_layer_20.csv
0,l2_dist,47.90914143583256,42.412888151236494,1002,checkpoint_token_level_layer_20.csv
0,literal_active,8.822355289421157,9.16887358163504,1002,checkpoint_token_level_layer_20.csv
0,literal_only_features,4.294411177644711,8.42260459515121,1002,checkpoint_token_level_layer_20.csv
0,shared_features,4.527944111776447,1.1554425428944524,1002,checkpoint_token_level_layer_20.csv
0,slang_active,7.667664670658683,7.678958232485499,1002,checkpoint_token_level_layer_20.csv
0,slang_only_features,3.139720558882236,6.916124172873653,1002,checkpoint_token_level_layer_20.csv
1,cosine_dist,0.2471915044321747,0.2094193179092447,1002,checkpoint_token_level_layer_20.csv
1,l1_dist,162.48513498991548,262.7851987590688,1002,checkpoint_token_level_layer_20.csv
1,l2_dist,48.985315626014966,43.07389354144923,1002,checkpoint_token_level_layer_20.csv
1,literal_active,9.997005988023952,9.332566497117384,1002,checkpoint_token_level_layer_20.csv
1,literal_only_features,5.677644710578842,8.683896540336626,1002,checkpoint_token_level_layer_20.csv
1,shared_features,4.319361277445109,1.3638490469153912,1002,checkpoint_token_level_layer_20.csv
1,slang_active,7.624750499001996,7.649827870920713,1002,checkpoint_token_level_layer_20.csv
1,slang_only_features,3.305389221556886,6.830318031349992,1002,checkpoint_token_level_layer_20.csv
2,cosine_dist,0.2434167611206363,0.1845266933290862,1002,checkpoint_token_level_layer_20.csv
2,l1_dist,202.87869088806792,300.6553257200609,1002,checkpoint_token_level_layer_20.csv
2,l2_dist,55.71033343107639,44.875314786385765,1002,checkpoint_token_level_layer_20.csv
2,literal_active,11.023952095808385,10.404945908124589,1002,checkpoint_token_level_layer_20.csv
2,literal_only_features,6.791417165668663,9.064935745359136,1002,checkpoint_token_level_layer_20.csv
2,shared_features,4.23253493013972,2.0919051667854824,1002,checkpoint_token_level_layer_20.csv
2,slang_active,9.19760479041916,8.98528816703214,1002,checkpoint_token_level_layer_20.csv
2,slang_only_features,4.965069860279441,7.701632758760194,1002,checkpoint_token_level_layer_20.csv
3,cosine_dist,0.3857115920476928,0.2071883790181224,1002,checkpoint_token_level_layer_20.csv
3,l1_dist,334.42981310899626,392.18781276254,1002,checkpoint_token_level_layer_20.csv
3,l2_dist,78.84858485181888,52.61501781535046,1002,checkpoint_token_level_layer_20.csv
3,literal_active,14.756487025948104,11.39135886191325,1002,checkpoint_token_level_layer_20.csv
3,literal_only_features,9.735528942115767,10.114065775771255,1002,checkpoint_token_level_layer_20.csv
3,shared_features,5.020958083832335,2.141352166747789,1002,checkpoint_token_level_layer_20.csv
3,slang_active,13.162674650698603,11.471151180814848,1002,checkpoint_token_level_layer_20.csv
3,slang_only_features,8.141716566866268,10.203022733567812,1002,checkpoint_token_level_layer_20.csv
4,cosine_dist,0.2171150177360294,0.1295728562297214,1002,checkpoint_token_level_layer_20.csv
4,l1_dist,487.2293826577192,436.1799086845709,1002,checkpoint_token_level_layer_20.csv
4,l2_dist,99.00290280568623,50.16719147195444,1002,checkpoint_token_level_layer_20.csv
4,literal_active,21.172654690618764,12.045784693441991,1002,checkpoint_token_level_layer_20.csv
4,literal_only_features,12.379241516966069,9.65543543072187,1002,checkpoint_token_level_layer_20.csv
4,shared_features,8.793413173652695,3.640018825890936,1002,checkpoint_token_level_layer_20.csv
4,slang_active,20.34231536926148,13.0526947466049,1002,checkpoint_token_level_layer_20.csv
4,slang_only_features,11.548902195608784,10.59959437858045,1002,checkpoint_token_level_layer_20.csv
5,cosine_dist,0.3428189325148236,0.1774975119486121,1002,checkpoint_token_level_layer_20.csv
5,l1_dist,509.2423563517496,496.9272004242098,1002,checkpoint_token_level_layer_20.csv
5,l2_dist,102.72902496322662,56.58472903349272,1002,checkpoint_token_level_layer_20.csv
5,literal_active,19.28243512974052,12.09341017740016,1002,checkpoint_token_level_layer_20.csv
5,literal_only_features,11.217564870259482,9.861747448237448,1002,checkpoint_token_level_layer_20.csv
5,shared_features,8.064870259481038,3.1134220144166167,1002,checkpoint_token_level_layer_20.csv
5,slang_active,21.476047904191617,13.335451122344072,1002,checkpoint_token_level_layer_20.csv
5,slang_only_features,13.41117764471058,11.480722139686245,1002,checkpoint_token_level_layer_20.csv
6,cosine_dist,0.322933792993575,0.1700564238747633,1002,checkpoint_token_level_layer_20.csv
6,l1_dist,637.2752081819638,644.1130254926941,1002,checkpoint_token_level_layer_20.csv
6,l2_dist,122.76356092327369,74.06598168000916,1002,checkpoint_token_level_layer_20.csv
6,literal_active,20.40818363273453,15.037413517079466,1002,checkpoint_token_level_layer_20.csv
6,literal_only_features,12.375249500998004,11.013641794450724,1002,checkpoint_token_level_layer_20.csv
6,shared_features,8.032934131736527,5.061292306716205,1002,checkpoint_token_level_layer_20.csv
6,slang_active,24.08083832335329,18.21485356282553,1002,checkpoint_token_level_layer_20.csv
6,slang_only_features,16.047904191616766,14.563704803503644,1002,checkpoint_token_level_layer_20.csv
7,cosine_dist,0.4158460796176792,0.1605906862201976,1002,checkpoint_token_level_layer_20.csv
7,l1_dist,887.3173548228251,728.046296727487,1002,checkpoint_token_level_layer_20.csv
7,l2_dist,151.8769770677456,77.35676090436775,1002,checkpoint_token_level_layer_20.csv
7,literal_active,30.12574850299401,16.73183334826863,1002,checkpoint_token_level_layer_20.csv
7,literal_only_features,17.61177644710579,11.33899622396929,1002,checkpoint_token_level_layer_20.csv
7,shared_features,12.513972055888225,7.230473352513979,1002,checkpoint_token_level_layer_20.csv
7,slang_active,31.99201596806387,20.457149025103032,1002,checkpoint_token_level_layer_20.csv
7,slang_only_features,19.47804391217565,15.33791100307312,1002,checkpoint_token_level_layer_20.csv
8,cosine_dist,0.4565754162366994,0.1286523592004112,1002,checkpoint_token_level_layer_20.csv
8,l1_dist,1243.1143169897996,783.2198568948568,1002,checkpoint_token_level_layer_20.csv
8,l2_dist,190.92175043985517,81.27269826239694,1002,checkpoint_token_level_layer_20.csv
8,literal_active,40.08582834331337,15.685170372782968,1002,checkpoint_token_level_layer_20.csv
8,literal_only_features,20.887225548902197,10.152541961030495,1002,checkpoint_token_level_layer_20.csv
8,shared_features,19.198602794411176,8.487132331564366,1002,checkpoint_token_level_layer_20.csv
8,slang_active,43.318363273453095,20.45025711534213,1002,checkpoint_token_level_layer_20.csv
8,slang_only_features,24.119760479041915,14.471378205553837,1002,checkpoint_token_level_layer_20.csv
9,cosine_dist,0.4775625132098645,0.163099063916058,1002,checkpoint_token_level_layer_20.csv
9,l1_dist,1470.531702007362,988.227331509648,1002,checkpoint_token_level_layer_20.csv
9,l2_dist,221.28143209278463,96.50886053594522,1002,checkpoint_token_level_layer_20.csv
9,literal_active,41.60678642714571,17.882826479237625,1002,checkpoint_token_level_layer_20.csv
9,literal_only_features,22.70558882235529,11.035152898967356,1002,checkpoint_token_level_layer_20.csv
9,shared_features,18.90119760479042,9.745115904640873,1002,checkpoint_token_level_layer_20.csv
9,slang_active,42.0059880239521,22.52149038171827,1002,checkpoint_token_level_layer_20.csv
9,slang_only_features,23.10479041916168,15.656237143165084,1002,checkpoint_token_level_layer_20.csv
10,cosine_dist,0.3428878335955138,0.1042376220163234,1002,checkpoint_token_level_layer_20.csv
10,l1_dist,1789.776178752115,990.2956698171348,1002,checkpoint_token_level_layer_20.csv
10,l2_dist,286.2838120146426,103.6076267231584,1002,checkpoint_token_level_layer_20.csv
10,literal_active,41.333333333333336,14.13418255272653,1002,checkpoint_token_level_layer_20.csv
10,literal_only_features,20.12974051896208,9.505389464655584,1002,checkpoint_token_level_layer_20.csv
10,shared_features,21.20359281437126,7.905786750070677,1002,checkpoint_token_level_layer_20.csv
10,slang_active,43.71357285429141,18.22718669295133,1002,checkpoint_token_level_layer_20.csv
10,slang_only_features,22.50998003992016,12.86923330536303,1002,checkpoint_token_level_layer_20.csv
11,cosine_dist,0.39038435569007,0.1101122210399548,1002,checkpoint_token_level_layer_20.csv
11,l1_dist,2059.359889656722,1106.4530663032997,1002,checkpoint_token_level_layer_20.csv
11,l2_dist,292.03239378481805,107.19165520652412,1002,checkpoint_token_level_layer_20.csv
11,literal_active,50.11477045908184,13.754542033238234,1002,checkpoint_token_level_layer_20.csv
11,literal_only_features,20.910179640718564,10.097425422716922,1002,checkpoint_token_level_layer_20.csv
11,shared_features,29.204590818363272,8.234042747175346,1002,checkpoint_token_level_layer_20.csv
11,slang_active,52.29540918163673,17.97815704183812,1002,checkpoint_token_level_layer_20.csv
11,slang_only_features,23.090818363273453,13.945529031521325,1002,checkpoint_token_level_layer_20.csv
12,cosine_dist,0.3451667039575215,0.1201683373245085,1002,checkpoint_token_level_layer_20.csv
12,l1_dist,2656.889499991716,1341.064326356312,1002,checkpoint_token_level_layer_20.csv
12,l2_dist,363.0863704414901,114.92578660958377,1002,checkpoint_token_level_layer_20.csv
12,literal_active,58.880239520958085,16.638627974108722,1002,checkpoint_token_level_layer_20.csv
12,literal_only_features,23.686626746506985,11.517997753685115,1002,checkpoint_token_level_layer_20.csv
12,shared_features,35.1936127744511,11.210579153275392,1002,checkpoint_token_level_layer_20.csv
12,slang_active,58.70459081836327,20.937044662602883,1002,checkpoint_token_level_layer_20.csv
12,slang_only_features,23.51097804391217,15.010454747876258,1002,checkpoint_token_level_layer_20.csv
13,cosine_dist,0.314671083808897,0.1180768171775776,1002,checkpoint_token_level_layer_20.csv
13,l1_dist,3139.4583179831743,1503.1924544467215,1002,checkpoint_token_level_layer_20.csv
13,l2_dist,437.6723485249959,138.23169462088347,1002,checkpoint_token_level_layer_20.csv
13,literal_active,51.73253493013972,16.14963460779676,1002,checkpoint_token_level_layer_20.csv
13,literal_only_features,24.41317365269461,11.269203884720236,1002,checkpoint_token_level_layer_20.csv
13,shared_features,27.31936127744511,9.690613417858994,1002,checkpoint_token_level_layer_20.csv
13,slang_active,47.25349301397205,18.283845731819145,1002,checkpoint_token_level_layer_20.csv
13,slang_only_features,19.934131736526947,13.257154611673467,1002,checkpoint_token_level_layer_20.csv
14,cosine_dist,0.2764401395401792,0.1250263362351404,1002,checkpoint_token_level_layer_20.csv
14,l1_dist,3291.0373877489164,1619.4568408694695,1002,checkpoint_token_level_layer_20.csv
14,l2_dist,515.0287788071319,154.86586092056965,1002,checkpoint_token_level_layer_20.csv
14,literal_active,43.88822355289421,15.325265202627405,1002,checkpoint_token_level_layer_20.csv
14,literal_only_features,21.20259481037924,10.777548985239388,1002,checkpoint_token_level_layer_20.csv
14,shared_features,22.68562874251497,8.552174791628097,1002,checkpoint_token_level_layer_20.csv
14,slang_active,37.57385229540918,16.767430973385437,1002,checkpoint_token_level_layer_20.csv
14,slang_only_features,14.888223552894212,12.327997485152904,1002,checkpoint_token_level_layer_20.csv
15,cosine_dist,0.2485870824840492,0.1083780932466525,1002,checkpoint_token_level_layer_20.csv
15,l1_dist,3793.3420722032497,1791.0339838206428,1002,checkpoint_token_level_layer_20.csv
15,l2_dist,598.0862462696676,174.6499043637298,1002,checkpoint_token_level_layer_20.csv
15,literal_active,44.35728542914172,16.185985282867794,1002,checkpoint_token_level_layer_20.csv
15,literal_only_features,21.35429141716567,10.972439914237992,1002,checkpoint_token_level_layer_20.csv
15,shared_features,23.00299401197605,9.153546645185838,1002,checkpoint_token_level_layer_20.csv
15,slang_active,36.84830339321357,15.788173082949596,1002,checkpoint_token_level_layer_20.csv
15,slang_only_features,13.845309381237524,10.812363688713852,1002,checkpoint_token_level_layer_20.csv
16,cosine_dist,0.1558304535236187,0.1000271803582352,1002,checkpoint_token_level_layer_20.csv
16,l1_dist,3581.7632435324663,1953.38588813087,1002,checkpoint_token_level_layer_20.csv
16,l2_dist,713.5568703596225,285.6734248804214,1002,checkpoint_token_level_layer_20.csv
16,literal_active,28.14870259481038,12.89520340172382,1002,checkpoint_token_level_layer_20.csv
16,literal_only_features,14.228542914171657,9.602824334655416,1002,checkpoint_token_level_layer_20.csv
16,shared_features,13.920159680638722,5.350360740580247,1002,checkpoint_token_level_layer_20.csv
16,slang_active,27.479041916167663,13.1997572968161,1002,checkpoint_token_level_layer_20.csv
16,slang_only_features,13.558882235528944,10.469470203187596,1002,checkpoint_token_level_layer_20.csv
17,cosine_dist,0.2054974974807865,0.1189190530494632,1002,checkpoint_token_level_layer_20.csv
17,l1_dist,4820.422453311151,2538.5298941107285,1002,checkpoint_token_level_layer_20.csv
17,l2_dist,897.421261968251,312.3150955954521,1002,checkpoint_token_level_layer_20.csv
17,literal_active,30.865269461077844,13.069780909838665,1002,checkpoint_token_level_layer_20.csv
17,literal_only_features,15.073852295409182,9.521618166316555,1002,checkpoint_token_level_layer_20.csv
17,shared_features,15.791417165668662,5.827990668931313,1002,checkpoint_token_level_layer_20.csv
17,slang_active,32.6996007984032,15.021494241978584,1002,checkpoint_token_level_layer_20.csv
17,slang_only_features,16.90818363273453,12.240991346941628,1002,checkpoint_token_level_layer_20.csv
18,cosine_dist,0.157879290644994,0.0975065569982141,1002,checkpoint_token_level_layer_20.csv
18,l1_dist,5728.114815291292,2900.5420745074694,1002,checkpoint_token_level_layer_20.csv
18,l2_dist,1085.2450318479252,405.34651079879086,1002,checkpoint_token_level_layer_20.csv
18,literal_active,30.989021956087825,13.140606081347492,1002,checkpoint_token_level_layer_20.csv
18,literal_only_features,14.14870259481038,9.293229529243686,1002,checkpoint_token_level_layer_20.csv
18,shared_features,16.840319361277444,6.628918913810355,1002,checkpoint_token_level_layer_20.csv
18,slang_active,35.91516966067864,14.686877839072467,1002,checkpoint_token_level_layer_20.csv
18,slang_only_features,19.0748502994012,11.777943213264155,1002,checkpoint_token_level_layer_20.csv
19,cosine_dist,0.2102387257351609,0.1479595682016001,1002,checkpoint_token_level_layer_20.csv
19,l1_dist,6796.113465330082,3389.20227411034,1002,checkpoint_token_level_layer_20.csv
19,l2_dist,1336.9148050334877,539.3325657672335,1002,checkpoint_token_level_layer_20.csv
19,literal_active,32.945109780439125,12.837693262472095,1002,checkpoint_token_level_layer_20.csv
19,literal_only_features,15.909181636726547,9.313284115011648,1002,checkpoint_token_level_layer_20.csv
19,shared_features,17.035928143712574,6.823604869860679,1002,checkpoint_token_level_layer_20.csv
19,slang_active,33.989021956087825,14.531089914157516,1002,checkpoint_token_level_layer_20.csv
19,slang_only_features,16.95309381237525,10.802195173576782,1002,checkpoint_token_level_layer_20.csv
20,cosine_dist,0.1623455553711531,0.1032890199185153,1002,checkpoint_token_level_layer_30.csv
20,l1_dist,6846.541159258632,3509.847904443482,1002,checkpoint_token_level_layer_30.csv
20,l2_dist,1308.8184647246037,547.0266561729429,1002,checkpoint_token_level_layer_30.csv
20,literal_active,31.36726546906188,11.470992936511044,1002,checkpoint_token_level_layer_30.csv
20,literal_only_features,13.517964071856287,8.545649209152854,1002,checkpoint_token_level_layer_30.csv
20,shared_features,17.84930139720559,5.4988879760395175,1002,checkpoint_token_level_layer_30.csv
20,slang_active,34.17764471057884,12.9984790773716,1002,checkpoint_token_level_layer_30.csv
20,slang_only_features,16.328343313373253,10.329452061465796,1002,checkpoint_token_level_layer_30.csv
21,cosine_dist,0.1925479912621056,0.1239012823737262,1002,checkpoint_token_level_layer_30.csv
21,l1_dist,8047.321559883163,3762.983834148609,1002,checkpoint_token_level_layer_30.csv
21,l2_dist,1590.691587497612,708.9837782810466,1002,checkpoint_token_level_layer_30.csv
21,literal_active,31.2125748502994,12.027983072954488,1002,checkpoint_token_level_layer_30.csv
21,literal_only_features,13.496007984031936,8.032275464254745,1002,checkpoint_token_level_layer_30.csv
21,shared_features,17.716566866267463,6.782146413199865,1002,checkpoint_token_level_layer_30.csv
21,slang_active,33.7624750499002,13.252253567323972,1002,checkpoint_token_level_layer_30.csv
21,slang_only_features,16.045908183632733,9.542105881525544,1002,checkpoint_token_level_layer_30.csv
22,cosine_dist,0.1742697475913042,0.1237493756848808,1002,checkpoint_token_level_layer_30.csv
22,l1_dist,8148.635805293709,4315.038996982435,1002,checkpoint_token_level_layer_30.csv
22,l2_dist,1684.7688079651246,850.5276737608899,1002,checkpoint_token_level_layer_30.csv
22,literal_active,28.718562874251496,12.839739751908738,1002,checkpoint_token_level_layer_30.csv
22,literal_only_features,12.426147704590818,8.557719661133019,1002,checkpoint_token_level_layer_30.csv
22,shared_features,16.29241516966068,7.090189052042407,1002,checkpoint_token_level_layer_30.csv
22,slang_active,34.278443113772454,14.78492901974911,1002,checkpoint_token_level_layer_30.csv
22,slang_only_features,17.986027944111775,10.869476223097807,1002,checkpoint_token_level_layer_30.csv
23,cosine_dist,0.3052646733612238,0.1887217105058141,1002,checkpoint_token_level_layer_30.csv
23,l1_dist,14924.853338245384,6244.186647354642,1002,checkpoint_token_level_layer_30.csv
23,l2_dist,2821.2871454966044,1067.5397025739285,1002,checkpoint_token_level_layer_30.csv
23,literal_active,61.17764471057884,17.50957477564402,1002,checkpoint_token_level_layer_30.csv
23,literal_only_features,19.393213572854293,8.814855104383332,1002,checkpoint_token_level_layer_30.csv
23,shared_features,41.78443113772455,13.421964790896018,1002,checkpoint_token_level_layer_30.csv
23,slang_active,72.84031936127745,19.62514098752526,1002,checkpoint_token_level_layer_30.csv
23,slang_only_features,31.05588822355289,13.074898253172734,1002,checkpoint_token_level_layer_30.csv
24,cosine_dist,0.3202930922190586,0.1417253062378247,1002,checkpoint_token_level_layer_30.csv
24,l1_dist,15289.675825838558,7105.8829397895,1002,checkpoint_token_level_layer_30.csv
24,l2_dist,2545.8440254500765,1387.013288884148,1002,checkpoint_token_level_layer_30.csv
24,literal_active,77.9441117764471,18.68658591805724,1002,checkpoint_token_level_layer_30.csv
24,literal_only_features,22.693612774451097,9.26397843956359,1002,checkpoint_token_level_layer_30.csv
24,shared_features,55.250499001996005,15.395975209294429,1002,checkpoint_token_level_layer_30.csv
24,slang_active,89.97105788423154,23.461867832597093,1002,checkpoint_token_level_layer_30.csv
24,slang_only_features,34.72055888223553,15.668591097895172,1002,checkpoint_token_level_layer_30.csv
25,cosine_dist,0.2775129667462822,0.1999238221068495,1002,checkpoint_token_level_layer_30.csv
25,l1_dist,17309.17951791729,6911.864144605446,1002,checkpoint_token_level_layer_30.csv
25,l2_dist,3267.6796836624603,1343.1255604713344,1002,checkpoint_token_level_layer_30.csv
25,literal_active,69.66067864271457,17.72952223893473,1002,checkpoint_token_level_layer_30.csv
25,literal_only_features,21.987025948103792,9.816115275358532,1002,checkpoint_token_level_layer_30.csv
25,shared_features,47.67365269461078,12.54549741621659,1002,checkpoint_token_level_layer_30.csv
25,slang_active,85.50299401197604,19.759039746772487,1002,checkpoint_token_level_layer_30.csv
25,slang_only_features,37.82934131736527,15.413975350086794,1002,checkpoint_token_level_layer_30.csv
26,cosine_dist,0.3183149701530883,0.1898645988346473,1002,checkpoint_token_level_layer_30.csv
26,l1_dist,15740.59255609874,7356.405194994365,1002,checkpoint_token_level_layer_30.csv
26,l2_dist,2857.715910220574,1276.1701100225366,1002,checkpoint_token_level_layer_30.csv
26,literal_active,51.16067864271457,15.784132951557968,1002,checkpoint_token_level_layer_30.csv
26,literal_only_features,18.70558882235529,9.22993852483592,1002,checkpoint_token_level_layer_30.csv
26,shared_features,32.455089820359284,10.016676665395464,1002,checkpoint_token_level_layer_30.csv
26,slang_active,60.9750499001996,16.176927714092407,1002,checkpoint_token_level_layer_30.csv
26,slang_only_features,28.51996007984032,13.673995191946808,1002,checkpoint_token_level_layer_30.csv
27,cosine_dist,0.3007664939169279,0.2116761014133807,1002,checkpoint_token_level_layer_30.csv
27,l1_dist,15998.67384420612,7046.749044116428,1002,checkpoint_token_level_layer_30.csv
27,l2_dist,3249.826824683153,1234.8027552011663,1002,checkpoint_token_level_layer_30.csv
27,literal_active,45.0059880239521,13.036183487203308,1002,checkpoint_token_level_layer_30.csv
27,literal_only_features,18.50798403193613,8.390568089350117,1002,checkpoint_token_level_layer_30.csv
27,shared_features,26.498003992015967,8.074657628429291,1002,checkpoint_token_level_layer_30.csv
27,slang_active,47.03493013972056,13.584061395514802,1002,checkpoint_token_level_layer_30.csv
27,slang_only_features,20.53692614770459,10.976982528985442,1002,checkpoint_token_level_layer_30.csv
28,cosine_dist,0.2657886484745674,0.1770221316900268,1002,checkpoint_token_level_layer_30.csv
28,l1_dist,18593.57642576176,7924.997426972892,1002,checkpoint_token_level_layer_30.csv
28,l2_dist,3522.690759594093,1171.400113765689,1002,checkpoint_token_level_layer_30.csv
28,literal_active,41.81636726546906,13.788255133178058,1002,checkpoint_token_level_layer_30.csv
28,literal_only_features,16.931137724550897,9.05914522890748,1002,checkpoint_token_level_layer_30.csv
28,shared_features,24.885229540918164,7.310875706098794,1002,checkpoint_token_level_layer_30.csv
28,slang_active,47.34131736526946,13.264440384112348,1002,checkpoint_token_level_layer_30.csv
28,slang_only_features,22.456087824351297,10.300406357131129,1002,checkpoint_token_level_layer_30.csv
29,cosine_dist,0.3511797672364407,0.2032685903984415,1002,sae_token_level_results_20260129_154848.csv
29,l1_dist,16645.05892560582,7605.227893665781,1002,sae_token_level_results_20260129_154848.csv
29,l2_dist,3316.326429172904,1283.375860914152,1002,sae_token_level_results_20260129_154848.csv
29,literal_active,32.63972055888224,11.184665646790496,1002,sae_token_level_results_20260129_154848.csv
29,literal_only_features,15.263473053892216,8.220055018353767,1002,sae_token_level_results_20260129_154848.csv
29,shared_features,17.37624750499002,5.36521980198124,1002,sae_token_level_results_20260129_154848.csv
29,slang_active,33.70858283433134,10.360416484300638,1002,sae_token_level_results_20260129_154848.csv
29,slang_only_features,16.332335329341316,8.428774753642077,1002,sae_token_level_results_20260129_154848.csv
30,cosine_dist,0.2580657035796466,0.1457271378751714,1002,sae_token_level_results_20260129_154848.csv
30,l1_dist,17000.898180202097,8131.355400991007,1002,sae_token_level_results_20260129_154848.csv
30,l2_dist,3306.176250404465,1148.457175574118,1002,sae_token_level_results_20260129_154848.csv
30,literal_active,29.04790419161677,11.67677209615873,1002,sae_token_level_results_20260129_154848.csv
30,literal_only_features,14.454091816367264,8.919264636741778,1002,sae_token_level_results_20260129_154848.csv
30,shared_features,14.5938123752495,5.1111089566934655,1002,sae_token_level_results_20260129_154848.csv
30,slang_active,30.62375249500998,10.953957108640823,1002,sae_token_level_results_20260129_154848.csv
30,slang_only_features,16.02994011976048,9.039892835175882,1002,sae_token_level_results_20260129_154848.csv
31,cosine_dist,0.2466466025321069,0.1543352993145365,1002,sae_token_level_results_20260129_154848.csv
31,l1_dist,17124.850090590302,8216.528917625805,1002,sae_token_level_results_20260129_154848.csv
31,l2_dist,3804.775616857106,1622.9170377232608,1002,sae_token_level_results_20260129_154848.csv
31,literal_active,24.11177644710579,10.29802807693674,1002,sae_token_level_results_20260129_154848.csv
31,literal_only_features,12.463073852295407,7.74913128429326,1002,sae_token_level_results_20260129_154848.csv
31,shared_features,11.64870259481038,4.159536011829426,1002,sae_token_level_results_20260129_154848.csv
31,slang_active,23.50499001996008,9.118671761857602,1002,sae_token_level_results_20260129_154848.csv
31,slang_only_features,11.8562874251497,7.087372129486211,1002,sae_token_level_results_20260129_154848.csv
32,cosine_dist,0.1613085847831296,0.1139978682420222,1002,sae_token_level_results_20260129_154848.csv
32,l1_dist,18112.653761325008,8476.654328995339,1002,sae_token_level_results_20260129_154848.csv
32,l2_dist,4183.2115003391655,2084.625538407556,1002,sae_token_level_results_20260129_154848.csv
32,literal_active,25.99700598802395,8.858670269294592,1002,sae_token_level_results_20260129_154848.csv
32,literal_only_features,12.981037924151696,7.457573928748771,1002,sae_token_level_results_20260129_154848.csv
32,shared_features,13.015968063872256,3.790383950208481,1002,sae_token_level_results_20260129_154848.csv
32,slang_active,24.424151696606785,8.47591018251715,1002,sae_token_level_results_20260129_154848.csv
32,slang_only_features,11.40818363273453,6.886740774649293,1002,sae_token_level_results_20260129_154848.csv
33,cosine_dist,0.1789353280188794,0.1044431890219067,1002,sae_token_level_results_20260129_154848.csv
33,l1_dist,19434.85917520428,9612.564119047436,1002,sae_token_level_results_20260129_154848.csv
33,l2_dist,3950.4860566952034,1673.9573985984966,1002,sae_token_level_results_20260129_154848.csv
33,literal_active,27.71756487025948,9.282711532278723,1002,sae_token_level_results_20260129_154848.csv
33,literal_only_features,14.141716566866268,7.804361609206129,1002,sae_token_level_results_20260129_154848.csv
33,shared_features,13.575848303393212,3.881315024100658,1002,sae_token_level_results_20260129_154848.csv
33,slang_active,25.99101796407185,8.65535030970493,1002,sae_token_level_results_20260129_154848.csv
33,slang_only_features,12.415169660678645,7.032664692405438,1002,sae_token_level_results_20260129_154848.csv
34,cosine_dist,0.3489893426943919,0.1914512846472337,1002,sae_token_level_results_20260129_154848.csv
34,l1_dist,19791.18782600814,10850.962168881517,1002,sae_token_level_results_20260129_154848.csv
34,l2_dist,4343.261026896403,1769.2136973445329,1002,sae_token_level_results_20260129_154848.csv
34,literal_active,25.09680638722555,10.904118953868712,1002,sae_token_level_results_20260129_154848.csv
34,literal_only_features,14.626746506986027,7.854998484483005,1002,sae_token_level_results_20260129_154848.csv
34,shared_features,10.47005988023952,5.327554422449279,1002,sae_token_level_results_20260129_154848.csv
34,slang_active,21.382235528942115,10.464968831636382,1002,sae_token_level_results_20260129_154848.csv
34,slang_only_features,10.912175648702595,7.356767456042176,1002,sae_token_level_results_20260129_154848.csv
35,cosine_dist,0.3277141190358919,0.1511818913993147,1002,sae_token_level_results_20260129_154848.csv
35,l1_dist,19494.365745072355,11527.827914377758,1002,sae_token_level_results_20260129_154848.csv
35,l2_dist,4370.139116054999,1900.418019951148,1002,sae_token_level_results_20260129_154848.csv
35,literal_active,21.260479041916167,10.855198951723404,1002,sae_token_level_results_20260129_154848.csv
35,literal_only_features,13.217564870259482,8.338914549661146,1002,sae_token_level_results_20260129_154848.csv
35,shared_features,8.042914171656687,4.198559144853517,1002,sae_token_level_results_20260129_154848.csv
35,slang_active,19.28443113772455,9.232954144869666,1002,sae_token_level_results_20260129_154848.csv
35,slang_only_features,11.241516966067865,6.957495196935519,1002,sae_token_level_results_20260129_154848.csv
36,cosine_dist,0.268484362711509,0.14225532016881,1002,sae_token_level_results_20260129_154848.csv
36,l1_dist,23716.53688862509,11961.833483497929,1002,sae_token_level_results_20260129_154848.csv
36,l2_dist,5126.384786701012,2098.5133782753605,1002,sae_token_level_results_20260129_154848.csv
36,literal_active,26.789421157684632,11.023951779584047,1002,sae_token_level_results_20260129_154848.csv
36,literal_only_features,14.035928143712574,8.367238804790597,1002,sae_token_level_results_20260129_154848.csv
36,shared_features,12.753493013972056,5.153929258425013,1002,sae_token_level_results_20260129_154848.csv
36,slang_active,24.714570858283437,9.343968523594736,1002,sae_token_level_results_20260129_154848.csv
36,slang_only_features,11.961077844311378,6.591554055470967,1002,sae_token_level_results_20260129_154848.csv
37,cosine_dist,0.4329857294877132,0.179531653589271,1002,sae_token_level_results_20260129_154848.csv
37,l1_dist,23211.63607209409,12919.868518164065,1002,sae_token_level_results_20260129_154848.csv
37,l2_dist,5184.264475687297,2030.664490418462,1002,sae_token_level_results_20260129_154848.csv
37,literal_active,23.726546906187625,11.139877920880066,1002,sae_token_level_results_20260129_154848.csv
37,literal_only_features,14.598802395209582,8.398906791499098,1002,sae_token_level_results_20260129_154848.csv
37,shared_features,9.127744510978044,4.871364113463797,1002,sae_token_level_results_20260129_154848.csv
37,slang_active,20.276447105788424,10.25115855151991,1002,sae_token_level_results_20260129_154848.csv
37,slang_only_features,11.14870259481038,7.225677993685879,1002,sae_token_level_results_20260129_154848.csv
38,cosine_dist,0.3476434993500005,0.1628544084508766,1002,sae_token_level_results_20260129_154848.csv
38,l1_dist,22796.607432595745,12300.345527283078,1002,sae_token_level_results_20260129_154848.csv
38,l2_dist,5244.84515356494,2009.5184418687625,1002,sae_token_level_results_20260129_154848.csv
38,literal_active,21.91616766467066,9.461602097706376,1002,sae_token_level_results_20260129_154848.csv
38,literal_only_features,12.527944111776447,7.834472518656192,1002,sae_token_level_results_20260129_154848.csv
38,shared_features,9.388223552894212,3.884816268890728,1002,sae_token_level_results_20260129_154848.csv
38,slang_active,19.67964071856288,8.361001851855148,1002,sae_token_level_results_20260129_154848.csv
38,slang_only_features,10.291417165668662,6.590299090588978,1002,sae_token_level_results_20260129_154848.csv
39,cosine_dist,0.3540584081319159,0.1861210333046002,1002,sae_token_level_results_20260129_154848.csv
39,l1_dist,25947.852793436563,13828.758323483344,1002,sae_token_level_results_20260129_154848.csv
39,l2_dist,5927.502315559311,2405.5193396675777,1002,sae_token_level_results_20260129_154848.csv
39,literal_active,21.801397205588824,9.663163280971856,1002,sae_token_level_results_20260129_154848.csv
39,literal_only_features,12.30439121756487,7.740305937534346,1002,sae_token_level_results_20260129_154848.csv
39,shared_features,9.497005988023952,4.01226799068879,1002,sae_token_level_results_20260129_154848.csv
39,slang_active,21.49001996007984,9.40889714624321,1002,sae_token_level_results_20260129_154848.csv
39,slang_only_features,11.993013972055888,7.488577535873072,1002,sae_token_level_results_20260129_154848.csv
40,cosine_dist,0.4015157130619366,0.1959011071868004,1002,sae_token_level_results_20260129_154848.csv
40,l1_dist,27424.252408756707,13594.827126396742,1002,sae_token_level_results_20260129_154848.csv
40,l2_dist,6291.086320401189,2280.4348730804963,1002,sae_token_level_results_20260129_154848.csv
40,literal_active,22.27744510978044,9.756152174345328,1002,sae_token_level_results_20260129_154848.csv
40,literal_only_features,12.703592814371255,7.727324503210179,1002,sae_token_level_results_20260129_154848.csv
40,shared_features,9.573852295409182,4.19093153319258,1002,sae_token_level_results_20260129_154848.csv
40,slang_active,20.508982035928145,8.5237966273128,1002,sae_token_level_results_20260129_154848.csv
40,slang_only_features,10.935129740518962,6.588472318993035,1002,sae_token_level_results_20260129_154848.csv
41,cosine_dist,0.4211846721802881,0.1954323098620375,1002,sae_token_level_results_20260129_154848.csv
41,l1_dist,27391.93944873924,15276.96643199474,1002,sae_token_level_results_20260129_154848.csv
41,l2_dist,6261.963821624329,2042.425046820724,1002,sae_token_level_results_20260129_154848.csv
41,literal_active,21.171656686626747,10.506745055751905,1002,sae_token_level_results_20260129_154848.csv
41,literal_only_features,12.946107784431138,8.2651355034614,1002,sae_token_level_results_20260129_154848.csv
41,shared_features,8.225548902195609,4.40751331261767,1002,sae_token_level_results_20260129_154848.csv
41,slang_active,19.48003992015968,9.369126945397062,1002,sae_token_level_results_20260129_154848.csv
41,slang_only_features,11.254491017964073,6.898762131898312,1002,sae_token_level_results_20260129_154848.csv
42,cosine_dist,0.362054352371576,0.1713145625384595,1002,sae_token_level_results_20260129_154848.csv
42,l1_dist,28259.41433344249,15133.506283237795,1002,sae_token_level_results_20260129_154848.csv
42,l2_dist,6400.323066513458,2211.629533783713,1002,sae_token_level_results_20260129_154848.csv
42,literal_active,22.974051896207584,10.364000209793716,1002,sae_token_level_results_20260129_154848.csv
42,literal_only_features,12.66067864271457,7.998167875195127,1002,sae_token_level_results_20260129_154848.csv
42,shared_features,10.313373253493014,4.377359734122768,1002,sae_token_level_results_20260129_154848.csv
42,slang_active,20.79640718562874,8.584467421107739,1002,sae_token_level_results_20260129_154848.csv
42,slang_only_features,10.48303393213573,6.23941911359512,1002,sae_token_level_results_20260129_154848.csv
43,cosine_dist,0.432764399000174,0.1862059701158063,1002,sae_token_level_results_20260129_154848.csv
43,l1_dist,28568.58573624236,15511.797067912106,1002,sae_token_level_results_20260129_154848.csv
43,l2_dist,6824.283788623924,2367.7998628846326,1002,sae_token_level_results_20260129_154848.csv
43,literal_active,20.744510978043916,10.040267966975875,1002,sae_token_level_results_20260129_154848.csv
43,literal_only_features,11.498003992015969,7.24220938763547,1002,sae_token_level_results_20260129_154848.csv
43,shared_features,9.246506986027944,4.697231610730028,1002,sae_token_level_results_20260129_154848.csv
43,slang_active,19.03093812375249,9.566556481427316,1002,sae_token_level_results_20260129_154848.csv
43,slang_only_features,9.784431137724551,6.639222738288819,1002,sae_token_level_results_20260129_154848.csv
44,cosine_dist,0.2726232109966868,0.1364016741540007,1002,sae_token_level_results_20260129_154848.csv
44,l1_dist,29771.86831366564,17794.236900785236,1002,sae_token_level_results_20260129_154848.csv
44,l2_dist,6715.314072173037,2413.033342889112,1002,sae_token_level_results_20260129_154848.csv
44,literal_active,22.187624750499,11.55913057058404,1002,sae_token_level_results_20260129_154848.csv
44,literal_only_features,12.441117764471056,8.553636452117532,1002,sae_token_level_results_20260129_154848.csv
44,shared_features,9.746506986027944,5.159493388927862,1002,sae_token_level_results_20260129_154848.csv
44,slang_active,18.663672654690615,9.806697459110366,1002,sae_token_level_results_20260129_154848.csv
44,slang_only_features,8.917165668662674,6.322513455715503,1002,sae_token_level_results_20260129_154848.csv
45,cosine_dist,0.2420755373444147,0.1211376888211553,1002,sae_token_level_results_20260129_154848.csv
45,l1_dist,30206.308433426115,18200.09084377698,1002,sae_token_level_results_20260129_154848.csv
45,l2_dist,6598.928510167166,2331.1076974960897,1002,sae_token_level_results_20260129_154848.csv
45,literal_active,22.74550898203593,10.779874461403152,1002,sae_token_level_results_20260129_154848.csv
45,literal_only_features,11.617764471057884,8.0080176759432,1002,sae_token_level_results_20260129_154848.csv
45,shared_features,11.127744510978044,4.625026158699808,1002,sae_token_level_results_20260129_154848.csv
45,slang_active,19.49101796407185,8.781241299733674,1002,sae_token_level_results_20260129_154848.csv
45,slang_only_features,8.363273453093813,5.921793072767782,1002,sae_token_level_results_20260129_154848.csv
46,cosine_dist,0.3377802062160642,0.1803587905748492,1002,sae_token_level_results_20260129_154848.csv
46,l1_dist,30259.664742780064,17964.25978213813,1002,sae_token_level_results_20260129_154848.csv
46,l2_dist,6899.825632913859,2459.5043369858945,1002,sae_token_level_results_20260129_154848.csv
46,literal_active,19.961077844311376,11.23028243406329,1002,sae_token_level_results_20260129_154848.csv
46,literal_only_features,11.464071856287426,8.211719789606821,1002,sae_token_level_results_20260129_154848.csv
46,shared_features,8.497005988023952,5.023943769188915,1002,sae_token_level_results_20260129_154848.csv
46,slang_active,18.348303393213573,9.2874608079523,1002,sae_token_level_results_20260129_154848.csv
46,slang_only_features,9.85129740518962,6.19339382400754,1002,sae_token_level_results_20260129_154848.csv
47,cosine_dist,0.1306677287567161,0.0715183837087555,1002,sae_token_level_results_20260129_154848.csv
47,l1_dist,44627.50033672889,25182.17900338997,1002,sae_token_level_results_20260129_154848.csv
47,l2_dist,8779.316360199522,2826.171368514588,1002,sae_token_level_results_20260129_154848.csv
47,literal_active,31.40319361277445,14.88281268958702,1002,sae_token_level_results_20260129_154848.csv
47,literal_only_features,17.637724550898202,12.07988603913708,1002,sae_token_level_results_20260129_154848.csv
47,shared_features,13.765469061876248,5.6554325559369385,1002,sae_token_level_results_20260129_154848.csv
47,slang_active,25.02195608782435,11.782608253335283,1002,sae_token_level_results_20260129_154848.csv
47,slang_only_features,11.256487025948104,7.872682172243524,1002,sae_token_level_results_20260129_154848.csv
