layer,metric,mean,std,n,ci_lower,ci_upper,se,category,source_file
0,cosine_dist,0.4305159397125244,0.2526746394314313,1000,0.41485529108162966,0.4461765883434191,0.007990273675651156,neologism,
1,cosine_dist,0.5519711897298694,0.2322173050649174,1000,0.5375784765204304,0.5663639029393083,0.007343355961112937,neologism,
2,cosine_dist,0.5995125322155654,0.1752661546646552,1000,0.5886496230163378,0.610375441414793,0.005542402454796551,neologism,
3,cosine_dist,0.6991556171842385,0.1698133938230664,1000,0.688630667393207,0.7096805669752699,0.00536997101684058,neologism,
4,cosine_dist,0.5867816661112011,0.1661206612029612,1000,0.5764855900535266,0.5970777421688755,0.005253196558145243,neologism,
5,cosine_dist,0.7048245798037387,0.1519117569750023,1000,0.6954091645715623,0.7142399950359151,0.004803871553989778,neologism,
6,cosine_dist,0.5860193443484605,0.143043935597349,1000,0.5771535522800074,0.5948851364169135,0.004523446419620611,neologism,
7,cosine_dist,0.6363913303501904,0.1334303424153859,1000,0.628121384011415,0.6446612766889657,0.004219437910087922,neologism,
8,cosine_dist,0.6026809172816574,0.124990372864401,1000,0.5949340760629324,0.6104277585003824,0.003952542638452113,neologism,
9,cosine_dist,0.6491024171342142,0.1396470910970793,1000,0.640447159800439,0.6577576744679895,0.0044160287648379246,neologism,
10,cosine_dist,0.4972228685319423,0.1350479972719787,1000,0.48885266074875705,0.5055930763151275,0.004270592648236584,neologism,
11,cosine_dist,0.6399605480656028,0.155054757639898,1000,0.6303503312135631,0.6495707649176424,0.004903261961874719,neologism,
12,cosine_dist,0.6169893104434013,0.1587018009181972,1000,0.6071530516607128,0.6268255692260899,0.005018591596721046,neologism,
13,cosine_dist,0.6327640598826111,0.1681579447361521,1000,0.6223417140036098,0.6431864057616123,0.005317621120189627,neologism,
14,cosine_dist,0.6573438627272844,0.172077860383652,1000,0.6466785624237459,0.6680091630308229,0.005441579737007961,neologism,
15,cosine_dist,0.4726506030634045,0.1616646184977355,1000,0.4626307103189736,0.4826704958078354,0.005112284115150328,neologism,
16,cosine_dist,0.3533689482957124,0.1669663911166482,1000,0.3430204543181205,0.3637174422733043,0.005279940886271128,neologism,
17,cosine_dist,0.3497422283291816,0.1336190721925185,1000,0.34146058461257484,0.3580238720457884,0.004225406069668272,neologism,
18,cosine_dist,0.4171230547353625,0.1529387582815286,1000,0.40764398647239053,0.42660212299833444,0.004836348186875695,neologism,
19,cosine_dist,0.3618312613368034,0.1491021019158824,1000,0.3525899871294401,0.37107253554416664,0.0047150224597274385,neologism,
20,cosine_dist,0.4065372017547488,0.1548664687159111,1000,0.3969386549566816,0.41613574855281593,0.004897307743294908,neologism,
21,cosine_dist,0.3759080525040627,0.142409700979248,1000,0.36708156998217106,0.3847345350259543,0.004503390159979349,neologism,
22,cosine_dist,0.3321751248240471,0.1620275838787114,1000,0.3221327356656135,0.3422175139824807,0.005123762088307074,neologism,
23,cosine_dist,0.407227075079456,0.1857004675446291,1000,0.39571745235137645,0.41873669780753553,0.005872364399992038,neologism,
24,cosine_dist,0.5848845056127757,0.1943403601840438,1000,0.5728393866309408,0.5969296245946106,0.006145581794790781,neologism,
25,cosine_dist,0.5462196578942239,0.1744247270421773,1000,0.5354088999610418,0.557030415827406,0.0055157941770644465,neologism,
26,cosine_dist,0.6008919189833105,0.1959352523202573,1000,0.5887479493791669,0.6130358885874542,0.006196016712518043,neologism,
27,cosine_dist,0.6102761893793941,0.206869629261023,1000,0.5974545125243272,0.623097866234461,0.0065417920717944795,neologism,
28,cosine_dist,0.6886779156774282,0.1889655454954752,1000,0.6769659250399465,0.7003899063149099,0.005975615230618727,neologism,
29,cosine_dist,0.6120037429500371,0.2002927730256587,1000,0.5995896963772562,0.624417789522818,0.006333813616322163,neologism,
30,cosine_dist,0.4912254337966442,0.1786315853041357,1000,0.480153936878225,0.5022969307150633,0.005648826716077305,neologism,
31,cosine_dist,0.5638965017423033,0.1775092906974379,1000,0.5528945640860855,0.5748984393985211,0.005613336644448426,neologism,
32,cosine_dist,0.3845412042587995,0.1411033736791776,1000,0.3757956872540227,0.39328672126357633,0.004462080463600543,neologism,
33,cosine_dist,0.4926282644309103,0.151572416437105,1000,0.4832338813566987,0.5020226475051219,0.0047931406639679566,neologism,
34,cosine_dist,0.7953858114346513,0.1756904664995786,1000,0.7844966035986802,0.8062750192706223,0.005555820373161784,neologism,
35,cosine_dist,0.7153083020999329,0.1758027842101504,1000,0.7044121328680567,0.7262044713318091,0.005559372171031609,neologism,
36,cosine_dist,0.6885902207035106,0.1884140453370413,1000,0.6769124117718801,0.7002680296351411,0.00595817526431278,neologism,
37,cosine_dist,0.8144312576593365,0.1776920329274461,1000,0.8034179937304836,0.8254445215881895,0.005619115461163669,neologism,
38,cosine_dist,0.7853433719311143,0.175020233910854,1000,0.7744957047780413,0.7961910390841872,0.0055346257577373785,neologism,
39,cosine_dist,0.6735463804375613,0.1713684889907545,1000,0.6629250466205605,0.6841677142545621,0.005419147443922738,neologism,
40,cosine_dist,0.7877642497156048,0.1561800646059389,1000,0.7780842868968282,0.7974442125343814,0.004938847292670147,neologism,
41,cosine_dist,0.8570854203773343,0.1641943749017369,1000,0.8469087345876893,0.8672621061669792,0.005192282036770743,neologism,
42,cosine_dist,0.6939954273928888,0.1769217945672927,1000,0.6830299024549672,0.7049609523308104,0.0055947583855704905,neologism,
43,cosine_dist,0.7379449237082154,0.1742737803431674,1000,0.7271435213764522,0.7487463260399786,0.005511020823322895,neologism,
44,cosine_dist,0.6109469054803485,0.2037282895819974,1000,0.5983199272980657,0.6235738836626312,0.0064424541888946476,neologism,
45,cosine_dist,0.5340226685019442,0.2099848767525228,1000,0.5210079101549143,0.5470374268489742,0.0066403048472771335,neologism,
46,cosine_dist,0.6442674378987867,0.2317000902217732,1000,0.6299067814083893,0.6586280943891841,0.007327000191673114,neologism,
47,cosine_dist,0.3551346842411439,0.1739966128562249,1000,0.3443504606125331,0.36591890786975473,0.005502256017802062,neologism,
0,cosine_dist,0.1758566446260301,0.1812555130738579,1002,0.1646337352714353,0.1870795539806249,0.005726079378559849,semantic_shift,checkpoint_token_level_layer_20.csv
1,cosine_dist,0.2471915044321747,0.2094193179092447,1002,0.23422475940942425,0.2601582494549251,0.0066158078031180526,semantic_shift,checkpoint_token_level_layer_20.csv
2,cosine_dist,0.2434167611206363,0.1845266933290862,1002,0.23199130808135915,0.2548422141599134,0.005829419892099882,semantic_shift,checkpoint_token_level_layer_20.csv
3,cosine_dist,0.3857115920476928,0.2071883790181224,1002,0.37288298144373105,0.3985402026516545,0.0065453297637875895,semantic_shift,checkpoint_token_level_layer_20.csv
4,cosine_dist,0.2171150177360294,0.1295728562297214,1002,0.20909217530977142,0.22513786016228737,0.004093362168662867,semantic_shift,checkpoint_token_level_layer_20.csv
5,cosine_dist,0.3428189325148236,0.1774975119486121,1002,0.3318287096328654,0.35380915539678176,0.005607359608976309,semantic_shift,checkpoint_token_level_layer_20.csv
6,cosine_dist,0.322933792993575,0.1700564238747633,1002,0.3124043045496272,0.3334632814375228,0.00537228669863481,semantic_shift,checkpoint_token_level_layer_20.csv
7,cosine_dist,0.4158460796176792,0.1605906862201976,1002,0.4059026870881121,0.42578947214724633,0.005073252676069217,semantic_shift,checkpoint_token_level_layer_20.csv
8,cosine_dist,0.4565754162366994,0.1286523592004112,1002,0.4486095687925301,0.4645412636808687,0.004064282561824035,semantic_shift,checkpoint_token_level_layer_20.csv
9,cosine_dist,0.4775625132098645,0.163099063916058,1002,0.46746380791198305,0.4876612185077459,0.005152495340495391,semantic_shift,checkpoint_token_level_layer_20.csv
10,cosine_dist,0.3428878335955138,0.1042376220163234,1002,0.33643368848627775,0.3493419787047498,0.003292991687676678,semantic_shift,checkpoint_token_level_layer_20.csv
11,cosine_dist,0.39038435569007,0.1101122210399548,1002,0.3835664694111519,0.3972022419689881,0.0034785773272859766,semantic_shift,checkpoint_token_level_layer_20.csv
12,cosine_dist,0.3451667039575215,0.1201683373245085,1002,0.3377261669265966,0.3526072409884464,0.003796262119924087,semantic_shift,checkpoint_token_level_layer_20.csv
13,cosine_dist,0.314671083808897,0.1180768171775776,1002,0.3073600487204193,0.32198211889737477,0.0037301884861896837,semantic_shift,checkpoint_token_level_layer_20.csv
14,cosine_dist,0.2764401395401792,0.1250263362351404,1002,0.2686988067955453,0.2841814722848131,0.0039497321408436745,semantic_shift,checkpoint_token_level_layer_20.csv
15,cosine_dist,0.2485870824840492,0.1083780932466525,1002,0.24187656926487128,0.25529759570322713,0.003423794147295365,semantic_shift,checkpoint_token_level_layer_20.csv
16,cosine_dist,0.1558304535236187,0.1000271803582352,1002,0.1496370089264398,0.16202389812079762,0.003159978778197979,semantic_shift,checkpoint_token_level_layer_20.csv
17,cosine_dist,0.2054974974807865,0.1189190530494632,1002,0.19813431315455557,0.21286068180701742,0.0037567957290597104,semantic_shift,checkpoint_token_level_layer_20.csv
18,cosine_dist,0.157879290644994,0.0975065569982141,1002,0.1518419170384672,0.16391666425152082,0.0030803492585317178,semantic_shift,checkpoint_token_level_layer_20.csv
19,cosine_dist,0.2102387257351609,0.1479595682016001,1002,0.20107742192756356,0.21940002954275822,0.004674220485611236,semantic_shift,checkpoint_token_level_layer_20.csv
20,cosine_dist,0.1623455553711531,0.1032890199185153,1002,0.15595014544285987,0.16874096529944635,0.0032630242079647407,semantic_shift,checkpoint_token_level_layer_30.csv
21,cosine_dist,0.1925479912621056,0.1239012823737262,1002,0.18487631917105163,0.20021966335315955,0.0039141903379690335,semantic_shift,checkpoint_token_level_layer_30.csv
22,cosine_dist,0.1742697475913042,0.1237493756848808,1002,0.16660748120036029,0.18193201398224812,0.003909391423201081,semantic_shift,checkpoint_token_level_layer_30.csv
23,cosine_dist,0.3052646733612238,0.1887217105058141,1002,0.29357947485701175,0.3169498718654359,0.005961945523684826,semantic_shift,checkpoint_token_level_layer_30.csv
24,cosine_dist,0.3202930922190586,0.1417253062378247,1002,0.31151779905315546,0.32906838538496175,0.0044772726617027395,semantic_shift,checkpoint_token_level_layer_30.csv
25,cosine_dist,0.2775129667462822,0.1999238221068495,1002,0.2651341601914987,0.28989177330106564,0.006315833684917623,semantic_shift,checkpoint_token_level_layer_30.csv
26,cosine_dist,0.3183149701530883,0.1898645988346473,1002,0.30655900672758146,0.3300709335785951,0.005998050738807645,semantic_shift,checkpoint_token_level_layer_30.csv
27,cosine_dist,0.3007664939169279,0.2116761014133807,1002,0.2876600142385505,0.3138729735953053,0.006687102304817658,semantic_shift,checkpoint_token_level_layer_30.csv
28,cosine_dist,0.2657886484745674,0.1770221316900268,1002,0.2548278600051719,0.2767494369439629,0.005592341775590185,semantic_shift,checkpoint_token_level_layer_30.csv
29,cosine_dist,0.3511797672364407,0.2032685903984415,1002,0.33859386060115726,0.3637656738717241,0.006421498932918889,semantic_shift,sae_token_level_results_20260129_154848.csv
30,cosine_dist,0.2580657035796466,0.1457271378751714,1002,0.24904262653695736,0.2670887806223358,0.004603695330047961,semantic_shift,sae_token_level_results_20260129_154848.csv
31,cosine_dist,0.2466466025321069,0.1543352993145365,1002,0.23709052865028513,0.2562026764139287,0.004875637489871687,semantic_shift,sae_token_level_results_20260129_154848.csv
32,cosine_dist,0.1613085847831296,0.1139978682420222,1002,0.15425010849073714,0.16836706107552205,0.003601329589762267,semantic_shift,sae_token_level_results_20260129_154848.csv
33,cosine_dist,0.1789353280188794,0.1044431890219067,1002,0.172468454690618,0.1854022013471408,0.0032994857963060975,semantic_shift,sae_token_level_results_20260129_154848.csv
34,cosine_dist,0.3489893426943919,0.1914512846472337,1002,0.33713513546516904,0.3608435499236148,0.006048176049523035,semantic_shift,sae_token_level_results_20260129_154848.csv
35,cosine_dist,0.3277141190358919,0.1511818913993147,1002,0.31835329665616474,0.3370749414156191,0.004776017546018276,semantic_shift,sae_token_level_results_20260129_154848.csv
36,cosine_dist,0.268484362711509,0.14225532016881,1002,0.2596762523462653,0.2772924730767527,0.004494016438424873,semantic_shift,sae_token_level_results_20260129_154848.csv
37,cosine_dist,0.4329857294877132,0.179531653589271,1002,0.421869557403657,0.4441019015717694,0.005671620586775647,semantic_shift,sae_token_level_results_20260129_154848.csv
38,cosine_dist,0.3476434993500005,0.1628544084508766,1002,0.33755994253539706,0.35772705616460393,0.005144766380474979,semantic_shift,sae_token_level_results_20260129_154848.csv
39,cosine_dist,0.3540584081319159,0.1861210333046002,1002,0.34253423736139765,0.3655825789024342,0.005879787007016185,semantic_shift,sae_token_level_results_20260129_154848.csv
40,cosine_dist,0.4015157130619366,0.1959011071868004,1002,0.3893859834270298,0.41364544269684345,0.0061887512885872445,semantic_shift,sae_token_level_results_20260129_154848.csv
41,cosine_dist,0.4211846721802881,0.1954323098620375,1002,0.40908396935837177,0.43328537500220443,0.00617394141798786,semantic_shift,sae_token_level_results_20260129_154848.csv
42,cosine_dist,0.362054352371576,0.1713145625384595,1002,0.35144696298029304,0.372661741762859,0.005412032810272386,semantic_shift,sae_token_level_results_20260129_154848.csv
43,cosine_dist,0.432764399000174,0.1862059701158063,1002,0.42123496914474917,0.4442938288555988,0.005882470262906613,semantic_shift,sae_token_level_results_20260129_154848.csv
44,cosine_dist,0.2726232109966868,0.1364016741540007,1002,0.26417754444075947,0.2810688775526141,0.004309092729532606,semantic_shift,sae_token_level_results_20260129_154848.csv
45,cosine_dist,0.2420755373444147,0.1211376888211553,1002,0.23457498037922622,0.24957609430960317,0.0038268850980691083,semantic_shift,sae_token_level_results_20260129_154848.csv
46,cosine_dist,0.3377802062160642,0.1803587905748492,1002,0.3266128197813074,0.348947592650821,0.005697750837690738,semantic_shift,sae_token_level_results_20260129_154848.csv
47,cosine_dist,0.1306677287567161,0.0715183837087555,1002,0.12623948089854786,0.13509597661488432,0.0022593516478352,semantic_shift,sae_token_level_results_20260129_154848.csv
0,cosine_dist,0.4819758427706924,0.2825186827892154,37,0.39094377626004884,0.5730079092813359,0.04644578534539048,construction,
1,cosine_dist,0.5209242024937192,0.3029986773305889,37,0.42329315213244334,0.618555252854995,0.04981267570801153,construction,
2,cosine_dist,0.5142636168244723,0.2739223519547228,37,0.42600142645988476,0.6025258071890598,0.04503255726165809,construction,
3,cosine_dist,0.5911753658910055,0.237437099046124,37,0.5146693112150132,0.6676814205669978,0.039034418631904606,construction,
4,cosine_dist,0.4342833384871483,0.2169120012363946,37,0.3643908006607542,0.5041758763135424,0.03566011333764168,construction,
5,cosine_dist,0.5619823844046206,0.2104792168743922,37,0.4941625932302676,0.6298021755789734,0.034602570102974746,construction,
6,cosine_dist,0.5853254088276142,0.2078396499988162,37,0.5183561285823243,0.6522946890729041,0.034168627981705293,construction,
7,cosine_dist,0.659081033355481,0.1768914222244826,37,0.6020837701864622,0.7160782965244997,0.029080770676709312,construction,
8,cosine_dist,0.6059855267002776,0.1469759539335017,37,0.5586275088805422,0.653343544520013,0.024162697984906528,construction,
9,cosine_dist,0.5926975068208333,0.1783607521227095,37,0.535226801910897,0.6501682117307697,0.029322327023995298,construction,
10,cosine_dist,0.4488282276166452,0.1484351693706771,37,0.4010000270981274,0.49665642813516303,0.024402591525038507,construction,
11,cosine_dist,0.5525639045077402,0.1461178661870791,37,0.5054823763701495,0.5996454326453309,0.024021629228375512,construction,
12,cosine_dist,0.4804257041699177,0.1514205622302035,37,0.4316355620245108,0.5292158463153246,0.02489338708785329,construction,
13,cosine_dist,0.4925701352390083,0.1652002537336391,37,0.4393399547178994,0.5458003157601171,0.02715875441639834,construction,
14,cosine_dist,0.4791142489459064,0.1861194554303439,37,0.4191435649600238,0.5390849329317889,0.03059784999057312,construction,
15,cosine_dist,0.3929893084474512,0.1483458122957058,37,0.345189900216621,0.44078871667828146,0.02438790131240465,construction,
16,cosine_dist,0.3213268341244878,0.1449231426078957,37,0.2746302651522462,0.36802340309672943,0.02382521788184793,construction,
17,cosine_dist,0.3149271486578761,0.1511179455109284,37,0.2662345144897977,0.3636197828259545,0.02484363720566279,construction,
18,cosine_dist,0.3262600214094729,0.1638216387483624,37,0.2734740528243439,0.37904598999460193,0.026932111508934858,construction,
19,cosine_dist,0.3234384752608634,0.1693689463688363,37,0.2688650748808653,0.37801187564086147,0.027844083264012057,construction,
20,cosine_dist,0.289424577274838,0.1580919073361593,37,0.23848482036624066,0.34036433418343537,0.025990149467236975,construction,
21,cosine_dist,0.3109711666364927,0.1590753404996531,37,0.2597145317350345,0.3622278015379509,0.026151824883397862,construction,
22,cosine_dist,0.282720512634999,0.1496678164787668,37,0.2344951333797691,0.3309458918902288,0.02460523746131333,construction,
23,cosine_dist,0.3761114010939727,0.1908716200286873,37,0.3146094931921529,0.4376133089957924,0.03137910103804915,construction,
24,cosine_dist,0.3972046036978026,0.1932292503870979,37,0.3349430293502969,0.45946617804530826,0.031766693081412216,construction,
25,cosine_dist,0.3774581905957815,0.1889218975848785,37,0.31658451464460596,0.43833186654695705,0.031058568642760454,construction,
26,cosine_dist,0.4139561403442073,0.1711109118959296,37,0.3588214506358149,0.4690908300525997,0.028130460632587045,construction,
27,cosine_dist,0.4477180178100998,0.1890085075985147,37,0.3868164347186106,0.508619600901589,0.031072807241292747,construction,
28,cosine_dist,0.4794417953974492,0.2030114097917323,37,0.4140282518536098,0.5448553389412886,0.033374870181193686,construction,
29,cosine_dist,0.5191774013880137,0.1961513242020172,37,0.4559742878288616,0.5823805149471658,0.03224707905741645,construction,
30,cosine_dist,0.4283130229324908,0.1771100207829281,37,0.37124532378976904,0.48538072207521255,0.02911670805834416,construction,
31,cosine_dist,0.42485008368621,0.1985079450826367,37,0.36088762895136306,0.488812538421057,0.03263450514365295,construction,
32,cosine_dist,0.3021321538332346,0.1568799593456798,37,0.2515829060725193,0.3526814015939499,0.025790906444935383,construction,
33,cosine_dist,0.3544864598158243,0.1727065952580022,37,0.29883761524690355,0.410135304384745,0.028392789361371785,construction,
34,cosine_dist,0.5224494901863305,0.2347609117242445,37,0.44680574613657753,0.5980932342360834,0.038594456146348176,construction,
35,cosine_dist,0.4882658172298122,0.1807546809638141,37,0.43002374991887043,0.5465078845407539,0.029715886501153983,construction,
36,cosine_dist,0.4597602732278205,0.2029809981890439,37,0.3943565287918181,0.5251640176638228,0.03336987054450938,construction,
37,cosine_dist,0.5910189221235546,0.1899620546649822,37,0.5298100908206597,0.6522277534264495,0.031229569413367998,construction,
38,cosine_dist,0.5606215829784805,0.2030022710262315,37,0.49521098409196673,0.6260321818649943,0.03337336777740013,construction,
39,cosine_dist,0.509438614184792,0.2114106241701796,37,0.4413187085894686,0.5775585197801154,0.03475569251917102,construction,
40,cosine_dist,0.5694698824270351,0.2386425502873557,37,0.4925754119603285,0.6463643528937417,0.03923259359520908,construction,
41,cosine_dist,0.531796052951265,0.238531230557524,37,0.45493745149311365,0.6086546544094164,0.03921429274435764,construction,
42,cosine_dist,0.4588500502947214,0.2050518434779304,37,0.3927790461780139,0.5249210544114289,0.03371031541286839,construction,
43,cosine_dist,0.4886365214715132,0.2053377177630935,37,0.4224734040592044,0.554799638883822,0.03375731285584585,construction,
44,cosine_dist,0.3860295648510392,0.18718456779493,37,0.32571568451914135,0.446343445182937,0.03077295338467749,construction,
45,cosine_dist,0.3256271831892632,0.1848137775710704,37,0.2660772096234966,0.3851771567550298,0.03038319787276153,construction,
46,cosine_dist,0.3843233301430135,0.1960877579886108,37,0.32114069864086914,0.4475059616451579,0.032236628836305604,construction,
47,cosine_dist,0.1800550431818575,0.0968154863234915,37,0.1488595353193353,0.2112505510443797,0.015916367907057673,construction,
0,cosine_dist,0.2734132981136441,0.2983983420759488,625,0.25001929797303124,0.296807298254257,0.011935933683037952,metaphor,
1,cosine_dist,0.3234849673762917,0.3201211623120193,625,0.2983879294234653,0.34858200532911804,0.012804846492480773,metaphor,
2,cosine_dist,0.3198702848926186,0.294884185173174,625,0.29675178959062415,0.34298878019461304,0.01179536740692696,metaphor,
3,cosine_dist,0.3764816753722727,0.3025480328666105,625,0.3527623454517928,0.40020100529275254,0.01210192131466442,metaphor,
4,cosine_dist,0.2609133288621902,0.2642989036889717,625,0.24019267556683802,0.28163398215754243,0.010571956147558868,metaphor,
5,cosine_dist,0.3593389659941196,0.2909664644956235,625,0.3365276143493046,0.38215031763893453,0.011638658579824941,metaphor,
6,cosine_dist,0.3853605162411928,0.2831170786092664,625,0.3631645451418985,0.40755648734048705,0.011324683144370655,metaphor,
7,cosine_dist,0.4427473049134016,0.2798876627954579,625,0.42080451536155405,0.4646900944652491,0.011195506511818316,metaphor,
8,cosine_dist,0.4744211405485868,0.2718125934024917,625,0.45311142480405425,0.49573085629311936,0.010872503736099668,metaphor,
9,cosine_dist,0.4562843932569027,0.2727057014777251,625,0.43490465912589976,0.4776641273879056,0.010908228059109005,metaphor,
10,cosine_dist,0.3466306605756283,0.2227677670105698,625,0.32916598856534324,0.36409533258591337,0.008910710680422792,metaphor,
11,cosine_dist,0.4093660441309213,0.2424038152904677,625,0.39036193422354465,0.428370154038298,0.009696152611618708,metaphor,
12,cosine_dist,0.3872897748038172,0.2287197381486996,625,0.3693584768308219,0.4052210727768125,0.009148789525947984,metaphor,
13,cosine_dist,0.4010018633782863,0.2320061138998499,625,0.38281291828081415,0.41919080847575846,0.009280244555993996,metaphor,
14,cosine_dist,0.3824454575002193,0.2195330037731223,625,0.36523438626769067,0.39965652873274793,0.008781320150924891,metaphor,
15,cosine_dist,0.3059729063510895,0.1957908146046796,625,0.2906231885459323,0.3213226241562467,0.007831632584187183,metaphor,
16,cosine_dist,0.2940567912578583,0.1950619343414081,625,0.2787642166153032,0.30934936590041334,0.007802477373656323,metaphor,
17,cosine_dist,0.2682337303519249,0.189255674784572,625,0.25339635809402145,0.2830711026098283,0.0075702269913828805,metaphor,
18,cosine_dist,0.2857156802535057,0.1819608612519115,625,0.27145021086752025,0.29998114963949113,0.00727843445007646,metaphor,
19,cosine_dist,0.2956728074371815,0.1905831732939345,625,0.2807313612085628,0.3106142536658002,0.00762332693175738,metaphor,
20,cosine_dist,0.2847922750711441,0.1831564055635935,625,0.27043307673344585,0.2991514734088423,0.00732625622254374,metaphor,
21,cosine_dist,0.3054454766333103,0.1952702434482221,625,0.29013657085687494,0.32075438240974563,0.007810809737928884,metaphor,
22,cosine_dist,0.2715397738307714,0.1899655994987115,625,0.25664674449801,0.28643280316353276,0.00759862397994846,metaphor,
23,cosine_dist,0.3902174930155277,0.2268717209306608,625,0.37243107693013905,0.4080039091009164,0.009074868837226432,metaphor,
24,cosine_dist,0.3603970393300056,0.1999050538397118,625,0.3447247710958706,0.37606930756414064,0.007996202153588473,metaphor,
25,cosine_dist,0.3238525074124336,0.1963973768865137,625,0.30845523599820535,0.33924977882666185,0.00785589507546055,metaphor,
26,cosine_dist,0.3656609793186188,0.2050317114938897,625,0.34958678850995356,0.38173517012728403,0.008201268459755589,metaphor,
27,cosine_dist,0.3887172950983047,0.2098202041833876,625,0.3722676933611735,0.40516689683543594,0.008392808167335503,metaphor,
28,cosine_dist,0.4121564069926738,0.210141712408384,625,0.39568159947387355,0.42863121451147407,0.00840566849633536,metaphor,
29,cosine_dist,0.4264011510431766,0.2167940745650537,625,0.40940480791480877,0.44339749417154445,0.008671762982602148,metaphor,
30,cosine_dist,0.3339417295068502,0.195358457381802,625,0.3186259078851048,0.3492575511285956,0.00781433829527208,metaphor,
31,cosine_dist,0.3303207933247089,0.1833760640928338,625,0.31594437407476234,0.3446972125746554,0.007335042563713352,metaphor,
32,cosine_dist,0.2104707791119814,0.1605706550290359,625,0.19788227107874476,0.22305928714521803,0.006422826201161436,metaphor,
33,cosine_dist,0.2563241861343384,0.169622670407332,625,0.24302601313594324,0.2696223591327335,0.00678490681629328,metaphor,
34,cosine_dist,0.3997429411157965,0.2243291571885394,625,0.38215585836492605,0.41733002386666695,0.008973166287541577,metaphor,
35,cosine_dist,0.3908925860166549,0.2231127407513009,625,0.373400868562072,0.4083843034712378,0.008924509630052035,metaphor,
36,cosine_dist,0.3435173464715481,0.2067280341859714,625,0.3273101664075773,0.35972452653551884,0.008269121367438856,metaphor,
37,cosine_dist,0.4427579590752721,0.2327756215789513,625,0.4245086856843253,0.4610072324662189,0.009311024863158051,metaphor,
38,cosine_dist,0.4129701334506273,0.2312954361348476,625,0.39483690446611586,0.4311033624351387,0.009251817445393905,metaphor,
39,cosine_dist,0.3768360421763733,0.2186701730456392,625,0.35969261562986954,0.39397946872287704,0.008746806921825568,metaphor,
40,cosine_dist,0.4000979655236005,0.2278525186533286,625,0.3822346563097099,0.4179612747374911,0.009114100746133143,metaphor,
41,cosine_dist,0.3919087468588259,0.2272109311909631,625,0.37409573717770206,0.4097217565399497,0.009088437247638524,metaphor,
42,cosine_dist,0.3413947296455502,0.2060353407012565,625,0.32524185575287407,0.3575476035382263,0.00824141362805026,metaphor,
43,cosine_dist,0.3600627535119652,0.2237049960082196,625,0.3425246040984537,0.3776009029254767,0.008948199840328784,metaphor,
44,cosine_dist,0.2926497342094779,0.1883974765978055,625,0.2778796434530808,0.30741982496587494,0.0075358990639122206,metaphor,
45,cosine_dist,0.2428465364217758,0.1723697943413417,625,0.2293329928645116,0.25636007997904003,0.006894791773653668,metaphor,
46,cosine_dist,0.2782502915501594,0.1826252960701767,625,0.263932731431619,0.2925678516686998,0.007305011842807067,metaphor,
47,cosine_dist,0.1325126670598983,0.1166595956132669,625,0.1233667228257779,0.14165861129401872,0.004666383824530676,metaphor,
0,cosine_dist,0.7981562629366975,0.1847405238037917,823,0.7855347811745805,0.8107777446988145,0.006439649841361178,idiom,
1,cosine_dist,0.8302410566683673,0.1641528151459171,823,0.8190261281843233,0.8414559851524114,0.00572200743100686,idiom,
2,cosine_dist,0.7939702786577646,0.1611863835812979,823,0.7829580169255544,0.8049825403899747,0.005618604126949991,idiom,
3,cosine_dist,0.8231191545148309,0.1436151728356164,823,0.8133073587735069,0.8329309502561548,0.005006110223819521,idiom,
4,cosine_dist,0.6851687084615824,0.181133164915612,823,0.6727936816378791,0.6975437352852857,0.006313905215256992,idiom,
5,cosine_dist,0.7590791232796795,0.154902838773269,823,0.7484961536408502,0.7696620929185088,0.005399573523955789,idiom,
6,cosine_dist,0.770144398278361,0.1506881976407908,823,0.7598493731310387,0.7804394234256833,0.00525266036954153,idiom,
7,cosine_dist,0.7790008440425897,0.1408451353360462,823,0.7693782974008209,0.7886233906843586,0.004909552786515636,idiom,
8,cosine_dist,0.726062420915183,0.149586536805884,823,0.7158426612908197,0.7362821805395463,0.005214258886885369,idiom,
9,cosine_dist,0.706772029330843,0.1602831955357889,823,0.6958214734507624,0.7177225852109237,0.005587120970822542,idiom,
10,cosine_dist,0.6158607756585462,0.1659756133170032,823,0.6045213135129174,0.6272002378041751,0.005785546180987535,idiom,
11,cosine_dist,0.6383872248734803,0.169618930008461,823,0.6267988511505319,0.6499755985964287,0.0059125442173203376,idiom,
12,cosine_dist,0.5954099057382595,0.1741320150060786,823,0.5835131978241143,0.6073066136524047,0.006069860470898921,idiom,
13,cosine_dist,0.5874411739071748,0.181125646906141,823,0.5750666607142519,0.5998156871000976,0.006313643153920906,idiom,
14,cosine_dist,0.5560331047893946,0.1825432785670477,823,0.5435617389309866,0.5685044706478026,0.006363058687190489,idiom,
15,cosine_dist,0.482199980713255,0.1740645567706888,823,0.4703078815491022,0.4940920798774078,0.006067509024633196,idiom,
16,cosine_dist,0.4463377004333139,0.1751304682428726,823,0.4343727781444389,0.45830262272218886,0.00610466436284174,idiom,
17,cosine_dist,0.437836858868273,0.1838144048527473,823,0.4252786495988906,0.4503950681376554,0.006407367364114828,idiom,
18,cosine_dist,0.4259530777068648,0.1850490663736979,823,0.41331051630104687,0.43859563911268273,0.006450404959244572,idiom,
19,cosine_dist,0.3893419496470639,0.1730166045498845,823,0.377521446630687,0.40116245266344086,0.006030979706573971,idiom,
20,cosine_dist,0.382098339307931,0.1661685082943097,823,0.37074569856787176,0.3934509800479903,0.0057922700772093,idiom,
21,cosine_dist,0.4107645677260031,0.1861605137085149,823,0.39804607218306626,0.42348306326894,0.0064891475778426294,idiom,
22,cosine_dist,0.352815915243123,0.1741177782845802,823,0.3409201799824977,0.3647116505037483,0.006069364209984147,idiom,
23,cosine_dist,0.4546321180184006,0.2023710413657263,823,0.4408061184207654,0.4684581176160358,0.007054211050148319,idiom,
24,cosine_dist,0.43007568119689,0.1788943863364069,823,0.41785360783691544,0.44229775455686454,0.006235866299779342,idiom,
25,cosine_dist,0.4454490802774742,0.1793264035359749,823,0.43319749148096737,0.45770066907398105,0.00625092547268511,idiom,
26,cosine_dist,0.4911816050530493,0.1774513936093919,823,0.47905811702785617,0.5033050930782424,0.006185566735318452,idiom,
27,cosine_dist,0.5106420177753612,0.18923514872654,823,0.4977134630152794,0.523570572535443,0.006596322617181033,idiom,
28,cosine_dist,0.5156774584154167,0.1765511013908973,823,0.5036154783993075,0.5277394384315258,0.006154184521375154,idiom,
29,cosine_dist,0.5530138239219223,0.170938451924689,823,0.5413353003961181,0.5646923474477266,0.0059585398598764605,idiom,
30,cosine_dist,0.4760910407034623,0.1645397302592815,823,0.4648496781596556,0.487332403247269,0.005735494444018925,idiom,
31,cosine_dist,0.4977323382929927,0.1601508139856518,823,0.48679082672699264,0.5086738498589928,0.0055825064400699675,idiom,
32,cosine_dist,0.3786086338693287,0.1470370065962597,823,0.3685630582755191,0.3886542094631383,0.005125387850515515,idiom,
33,cosine_dist,0.4229747315875525,0.1490497876484318,823,0.4127916426922861,0.4331578204828189,0.00519554898742493,idiom,
34,cosine_dist,0.5865153458336072,0.190814024334463,823,0.5734789222135712,0.5995517694536432,0.006651358761112773,idiom,
35,cosine_dist,0.5670020474440091,0.1819828707270818,823,0.5545689686770623,0.5794351262109558,0.006343524097900449,idiom,
36,cosine_dist,0.5341399076189913,0.1806142829485666,823,0.5218003308370488,0.5464794844009339,0.0062958181269020955,idiom,
37,cosine_dist,0.6152494209088648,0.1955212955201026,823,0.6018913962876213,0.6286074455301083,0.006815443919689259,idiom,
38,cosine_dist,0.6274888710320259,0.1808610720368371,823,0.615132433607315,0.6398453084567368,0.006304420653734912,idiom,
39,cosine_dist,0.5766878966151545,0.1780495495113686,823,0.5645235425490286,0.5888522506812804,0.006206417139333569,idiom,
40,cosine_dist,0.6019641560087046,0.1875091833751969,823,0.5891535192871532,0.6147747927302559,0.0065361592471086605,idiom,
41,cosine_dist,0.5371127716680923,0.1950210877621525,823,0.5237889212657167,0.550436622070468,0.006798007773342979,idiom,
42,cosine_dist,0.491723479791335,0.1867742711145517,823,0.4789630523119331,0.5044839072707369,0.006510541816101998,idiom,
43,cosine_dist,0.4888038908290978,0.1839972339025063,823,0.47623319066995495,0.5013745909882407,0.0064137403841595655,idiom,
44,cosine_dist,0.4558846474006174,0.1753698322300839,823,0.44390337175224726,0.46786592304898755,0.006113008066922118,idiom,
45,cosine_dist,0.3524359777130703,0.1740848517422635,823,0.34054249199545145,0.3643294634306891,0.006068216462870301,idiom,
46,cosine_dist,0.434851950498463,0.1801768579929092,823,0.42254225861121736,0.4471616423857086,0.006280570451468966,idiom,
47,cosine_dist,0.1964355888589764,0.1163506683032746,823,0.18848650542149747,0.20438467229645535,0.004055729340018637,idiom,
0,cosine_dist,0.393907301924657,0.3182466922621953,1000,0.37418253003351026,0.41363207381580375,0.010063844053632214,literal_paraphrase,
1,cosine_dist,0.421428237516724,0.325612500184278,1000,0.40124693650967563,0.4416095385237723,0.010296771352043146,literal_paraphrase,
2,cosine_dist,0.4258619149577571,0.3086435364139197,1000,0.40673234189553115,0.44499148801998306,0.009760165601571039,literal_paraphrase,
3,cosine_dist,0.4275360499571543,0.2969526530831554,1000,0.40913107203609433,0.4459410278782142,0.009390467409725932,literal_paraphrase,
4,cosine_dist,0.3492835121509269,0.2706202163802264,1000,0.3325106055755619,0.3660564187262919,0.008557762646491229,literal_paraphrase,
5,cosine_dist,0.3973718674816191,0.2686426985703259,1000,0.38072152647774116,0.4140222084854971,0.008495228042562895,literal_paraphrase,
6,cosine_dist,0.3685189477689564,0.2583083515688048,1000,0.35250912445844385,0.3845287710794689,0.008168427296009511,literal_paraphrase,
7,cosine_dist,0.3746443167524412,0.2528069240740239,1000,0.3589754691851135,0.39031316431976887,0.007994456883351694,literal_paraphrase,
8,cosine_dist,0.376290175630711,0.2410427511173809,1000,0.36135046565915324,0.39122988560226873,0.0076224410700402034,literal_paraphrase,
9,cosine_dist,0.3784777036327869,0.2424317221563278,1000,0.3634519059262337,0.39350350133934003,0.007666364190911029,literal_paraphrase,
10,cosine_dist,0.3361024888698011,0.2289437270789857,1000,0.3219126703977164,0.35029230734188577,0.007239836335775629,literal_paraphrase,
11,cosine_dist,0.3487117731571197,0.2322771455238691,1000,0.33431535106576193,0.3631081952484775,0.00734524828257811,literal_paraphrase,
12,cosine_dist,0.3306441657673568,0.230219506847643,1000,0.3163752750989793,0.3449130564357343,0.007280180034392827,literal_paraphrase,
13,cosine_dist,0.3291014754809439,0.2298348518993064,1000,0.3148564255351794,0.34334652542670835,0.007268016176892847,literal_paraphrase,
14,cosine_dist,0.3286648168247193,0.2339474226267238,1000,0.3141648717882694,0.34316476186116923,0.007398067082264591,literal_paraphrase,
15,cosine_dist,0.3258887014826759,0.2061680775022201,1000,0.31311050645711014,0.33866689650824167,0.006519607057251337,literal_paraphrase,
16,cosine_dist,0.3050051892083138,0.2293904156281559,1000,0.29078768520185283,0.3192226932147748,0.007253961867976569,literal_paraphrase,
17,cosine_dist,0.2744896532595157,0.2034663462168376,1000,0.2618789101968801,0.2871003963221513,0.006434170812375906,literal_paraphrase,
18,cosine_dist,0.2964103174111805,0.2139664103479829,1000,0.2831487855898086,0.3096718492325524,0.006766211994698466,literal_paraphrase,
19,cosine_dist,0.283578177139163,0.214430939233409,1000,0.2702878540482362,0.2968685002300898,0.006780901687867325,literal_paraphrase,
20,cosine_dist,0.2739007470272481,0.2091420431963228,1000,0.2609382270853374,0.28686326696915876,0.0066136521100170174,literal_paraphrase,
21,cosine_dist,0.2812743875589221,0.2182940602919293,1000,0.26774463014386907,0.2948041449739751,0.006903064302086173,literal_paraphrase,
22,cosine_dist,0.2618050979096442,0.2139709857219282,1000,0.24854328250886804,0.2750669133104203,0.006766356680726608,literal_paraphrase,
23,cosine_dist,0.2732041095867753,0.2138013195391125,1000,0.2599528100117251,0.28645540916182555,0.006760991364930567,literal_paraphrase,
24,cosine_dist,0.2946831751018762,0.2062621529708327,1000,0.28189914932549964,0.30746720087825274,0.006522581984778971,literal_paraphrase,
25,cosine_dist,0.2800846973545849,0.2198821815031088,1000,0.2664565089757932,0.2937128857333766,0.006953285104363697,literal_paraphrase,
26,cosine_dist,0.2785954426862299,0.2100678037159568,1000,0.2655755445672019,0.29161534080525786,0.006642927228116062,literal_paraphrase,
27,cosine_dist,0.2937238049469888,0.2168838463613772,1000,0.28028145189080006,0.30716615800317754,0.006858469421999741,literal_paraphrase,
28,cosine_dist,0.2993634047894739,0.2110463022553374,1000,0.28628285981706336,0.3124439497618844,0.00667387006883197,literal_paraphrase,
29,cosine_dist,0.3001213681800291,0.2194106244280365,1000,0.2865224066744952,0.313720329685563,0.006938373160323743,literal_paraphrase,
30,cosine_dist,0.2812696864679456,0.201094131187984,1000,0.26880597211435414,0.29373340082153704,0.006359154786467312,literal_paraphrase,
31,cosine_dist,0.2812662883531302,0.2147294758513715,1000,0.26795746211092597,0.2945751145953345,0.006790342244644576,literal_paraphrase,
32,cosine_dist,0.2427535851458087,0.20026180543506,1000,0.23034145792890942,0.25516571236270796,0.006332834335122768,literal_paraphrase,
33,cosine_dist,0.2596290715287905,0.2033177059973612,1000,0.24702754111311812,0.27223060194446286,0.006429470395921379,literal_paraphrase,
34,cosine_dist,0.3270994983172968,0.2310280804475557,1000,0.3127804926588714,0.34141850397572215,0.007305749376708886,literal_paraphrase,
35,cosine_dist,0.3394493582142168,0.227555956088476,1000,0.32534555309872154,0.35355316332971204,0.007195951163768444,literal_paraphrase,
36,cosine_dist,0.3225626614337089,0.2360115007207433,1000,0.3079347858623628,0.33719053700505497,0.0074633389627201995,literal_paraphrase,
37,cosine_dist,0.3610136329556117,0.2416589314740254,1000,0.34603573243164876,0.3759915334795746,0.007641926403804717,literal_paraphrase,
38,cosine_dist,0.3593535001736599,0.2409382631331296,1000,0.34442026631545963,0.3742867340318602,0.007619136869856664,literal_paraphrase,
39,cosine_dist,0.3427579482642468,0.2387781739974002,1000,0.32795859565761254,0.3575573008708811,0.007550828853677769,literal_paraphrase,
40,cosine_dist,0.3464492268536706,0.2355123656294256,1000,0.3318522874273292,0.36104616628001196,0.007447554925233398,literal_paraphrase,
41,cosine_dist,0.3525692656874162,0.2357565712005538,1000,0.3379571905210902,0.3671813408537422,0.007455277383454072,literal_paraphrase,
42,cosine_dist,0.353268439310923,0.235668890896028,1000,0.3386617985263146,0.3678750800955314,0.007452504688771685,literal_paraphrase,
43,cosine_dist,0.3809383271585393,0.237930915151503,1000,0.36619148723428135,0.3956851670827973,0.007524036176470161,literal_paraphrase,
44,cosine_dist,0.3347375355150143,0.2154378438507081,1000,0.32138480497610683,0.34809026605392174,0.006812742807639379,literal_paraphrase,
45,cosine_dist,0.3341349730230868,0.2096181683230168,1000,0.3211429430823481,0.34712700296382554,0.006628708508532911,literal_paraphrase,
46,cosine_dist,0.353621201986447,0.2162146231887715,1000,0.3402203270500467,0.3670220769228473,0.006837306727115761,literal_paraphrase,
47,cosine_dist,0.1965525903436937,0.1719732167779893,1000,0.18589377579885039,0.20721140488853704,0.005438270615643294,literal_paraphrase,
